,Predicted Counts
0,23705
1,23705
2,4484
3,1000
4,2271
5,18781
6,18781
7,23705
8,23705
9,23705
10,23705
11,23705
12,23705
13,23705
14,23705
15,23705
16,23705
17,23705
18,23705
19,23705
20,23705
21,23705
22,23705
23,23705
24,23705
25,23705
26,16456
27,5040
28,636
29,22860
30,23705
31,23705
32,23705
33,23705
34,23705
35,23705
36,23705
37,23705
38,23705
39,23705
40,23705
41,23705
42,23705
43,23705
44,23705
45,23705
46,23705
47,23347
48,7467
49,1260
50,636
51,4323
52,3170
53,23705
54,23705
55,23705
56,23705
57,23705
58,23705
59,23705
60,23705
61,23705
62,23705
63,23705
64,23705
65,23705
66,23705
67,23705
68,23705
69,23705
70,23705
71,18475
72,5040
73,2197
74,1125
75,5588
76,16456
77,21907
78,23705
79,23705
80,23705
81,23705
82,23705
83,23705
84,23705
85,23705
86,23705
87,23705
88,23705
89,23705
90,23705
91,23705
92,23705
93,23705
94,23705
95,23705
96,23705
97,23705
98,15589
99,6741
100,5588
101,23705
102,11598
103,23705
104,23705
105,23705
106,23705
107,23705
108,23705
109,23705
110,23705
111,23705
112,23705
113,23705
114,23705
115,23705
116,23705
117,23705
118,23705
119,12634
120,5218
121,1260
122,636
123,4650
124,16456
125,23705
126,23705
127,23705
128,23705
129,23705
130,23705
131,23705
132,23705
133,23705
134,23705
135,23705
136,23705
137,23705
138,23705
139,23705
140,23705
141,23705
142,23705
143,13636
144,3757
145,4866
146,885
147,5401
148,10780
149,21907
150,23705
151,23705
152,23705
153,23705
154,23705
155,23705
156,23705
157,23705
158,23705
159,23705
160,23705
161,23705
162,23705
163,23705
164,23705
165,23705
166,23705
167,23705
168,23705
169,23705
170,8858
171,8858
172,8858
173,13542
174,23705
175,23705
176,23705
177,23705
178,23705
179,23705
180,23705
181,23705
182,23705
183,23705
184,23705
185,23705
186,23705
187,23705
188,23705
189,23705
190,23705
191,23705
192,23705
193,14853
194,14853
195,11908
196,4529
197,17946
198,23705
199,23705
200,23705
201,23705
202,23705
203,23705
204,23705
205,23705
206,23705
207,23705
208,23705
209,23705
210,23705
211,23705
212,23705
213,23705
214,23705
215,16350
216,7634
217,551
218,157
219,97
220,6741
221,21441
222,23705
223,23705
224,23705
225,23705
226,23705
227,23705
228,23705
229,23705
230,23705
231,23705
232,23705
233,23705
234,23705
235,23705
236,23705
237,23705
238,23705
239,22381
240,6645
241,4574
242,343
243,1539
244,6741
245,23705
246,23705
247,23705
248,23705
249,23705
250,23705
251,23705
252,23705
253,23705
254,23705
255,23705
256,23705
257,23705
258,23705
259,23705
260,23705
261,23705
262,23705
263,17245
264,1643
265,681
266,125
267,97
268,7934
269,21441
270,23705
271,23705
272,23705
273,23705
274,23705
275,23705
276,23705
277,23705
278,23705
279,23705
280,23705
281,23705
282,23705
283,23705
284,23705
285,23705
286,23705
287,4695
288,5351
289,941
290,176
291,74
292,11075
293,23705
294,23705
295,23705
296,23705
297,23705
298,23705
299,23705
300,23705
301,23705
302,23705
303,23705
304,23705
305,23705
306,23705
307,23705
308,23705
309,23705
310,23705
311,18475
312,8176
313,373
314,512
315,1241
316,5726
317,23705
318,23705
319,23705
320,23705
321,23705
322,23705
323,23705
324,23705
325,23705
326,23705
327,23705
328,23705
329,23705
330,23705
331,23705
332,23705
333,23705
334,23705
335,23705
336,23705
337,23705
338,11598
339,4367
340,7634
341,11376
342,19208
343,23705
344,23705
345,23705
346,23705
347,23705
348,23705
349,23705
350,23705
351,23705
352,23705
353,23705
354,23705
355,23705
356,23705
357,23705
358,23705
359,23705
360,23705
361,18475
362,17355
363,2515
364,2712
365,3112
366,23705
367,23705
368,23705
369,23705
370,23705
371,23705
372,23705
373,23705
374,23705
375,23705
376,23705
377,23705
378,23705
379,23705
380,23705
381,23705
382,23705
383,16456
384,6645
385,4574
386,343
387,1539
388,15589
389,23705
390,23705
391,23705
392,23705
393,23705
394,23705
395,23705
396,23705
397,23705
398,23705
399,23705
400,23705
401,23705
402,23705
403,23705
404,23705
405,23705
406,23705
407,13886
408,10001
409,2744
410,2300
411,7934
412,14139
413,21907
414,23705
415,23705
416,23705
417,23705
418,23705
419,23705
420,23705
421,23705
422,23705
423,23705
424,23705
425,23705
426,23705
427,23705
428,23705
429,23705
430,23705
431,9925
432,4367
433,2197
434,2197
435,2070
436,8286
437,23705
438,23705
439,23705
440,23705
441,23705
442,23705
443,23705
444,23705
445,23705
446,23705
447,23705
448,23705
449,23705
450,23705
451,23705
452,23705
453,23705
454,23705
455,9381
456,4367
457,2744
458,885
459,2070
460,8286
461,21907
462,23705
463,23705
464,23705
465,23705
466,23705
467,23705
468,23705
469,23705
470,23705
471,23705
472,23705
473,23705
474,23705
475,23705
476,23705
477,23705
478,23705
479,21441
480,2515
481,512
482,64
483,97
484,9651
485,21441
486,23705
487,23705
488,23705
489,23705
490,23705
491,23705
492,23705
493,23705
494,23705
495,23705
496,23705
497,23705
498,23705
499,23705
500,23705
501,23705
502,23705
503,23705
504,23705
505,23705
506,12224
507,2830
508,2485
509,12224
510,15967
511,23705
512,23705
513,23705
514,23705
515,23705
516,23705
517,23705
518,23705
519,17538
520,17538
521,17538
522,23705
523,23705
524,23705
525,23705
526,23705
527,23705
528,23705
529,23705
530,12224
531,2830
532,2485
533,14332
534,23705
535,23705
536,23705
537,23705
538,23705
539,23705
540,23705
541,23705
542,23705
543,23705
544,23705
545,23705
546,23705
547,23705
548,23705
549,23705
550,23705
551,21441
552,2515
553,681
554,64
555,85
556,5974
557,20082
558,23705
559,23705
560,23705
561,23705
562,23705
563,23705
564,23705
565,23705
566,23705
567,23705
568,23705
569,23705
570,23705
571,23705
572,23705
573,23705
574,23705
575,11682
576,9189
577,2628
578,238
579,287
580,6741
581,23705
582,23705
583,23705
584,23705
585,23705
586,23705
587,23705
588,23705
589,23705
590,23705
591,23705
592,23705
593,23705
594,23705
595,23705
596,23705
597,23705
598,23705
599,14591
600,5040
601,1331
602,729
603,1173
604,7118
605,7118
606,23705
607,23705
608,23705
609,23705
610,23705
611,23705
612,23705
613,23705
614,23705
615,23705
616,23705
617,23705
618,23705
619,23705
620,23705
621,23705
622,23705
623,12872
624,5920
625,1816
626,216
627,1107
628,14139
629,23705
630,23705
631,23705
632,23705
633,23705
634,23705
635,23705
636,23705
637,23705
638,23705
639,23705
640,23705
641,23705
642,23705
643,23705
644,23705
645,23705
646,23705
647,16848
648,11376
649,2986
650,512
651,2830
652,6529
653,23705
654,23705
655,23705
656,23705
657,23705
658,23705
659,23705
660,23705
661,23705
662,23705
663,23705
664,23705
665,23705
666,23705
667,23705
668,23705
669,23705
670,23705
671,23347
672,23705
673,23705
674,12224
675,5040
676,636
677,23705
678,23705
679,23705
680,23705
681,23705
682,23705
683,23705
684,23705
685,23705
686,23705
687,23705
688,23705
689,23705
690,23705
691,23705
692,23705
693,23705
694,23705
695,23705
696,23705
697,23705
698,8858
699,1816
700,2712
701,15218
702,23705
703,23705
704,23705
705,23705
706,23705
707,23705
708,23705
709,23705
710,23705
711,23705
712,23705
713,23705
714,23705
715,23705
716,23705
717,23705
718,23705
719,11682
720,6645
721,1260
722,238
723,287
724,6741
725,23705
726,23705
727,23705
728,23705
729,23705
730,23705
731,23705
732,23705
733,23705
734,23705
735,23705
736,23705
737,23705
738,23705
739,23705
740,23705
741,23705
742,23705
743,23705
744,9455
745,2628
746,238
747,287
748,6741
749,21441
750,23705
751,23705
752,23705
753,23705
754,23705
755,23705
756,23705
757,23705
758,23705
759,23705
760,23705
761,23705
762,23705
763,23705
764,23705
765,23705
766,23705
767,23705
768,9455
769,2986
770,111
771,195
772,3338
773,22381
774,23705
775,23705
776,23705
777,23705
778,23705
779,23705
780,23705
781,23705
782,23705
783,23705
784,23705
785,23705
786,23705
787,23705
788,23705
789,23705
790,23705
791,11682
792,9189
793,2628
794,238
795,287
796,9651
797,23705
798,23705
799,23705
800,23705
801,23705
802,23705
803,23705
804,23705
805,23705
806,23705
807,23705
808,23705
809,23705
810,23705
811,23705
812,23705
813,23705
814,23705
815,16848
816,6645
817,2744
818,343
819,287
820,6741
821,23705
822,23705
823,23705
824,23705
825,23705
826,23705
827,23705
828,23705
829,23705
830,23705
831,23705
832,23705
833,23705
834,23705
835,23705
836,23705
837,23705
838,23705
839,23705
840,23347
841,16456
842,16456
843,12311
844,3112
845,3112
846,23705
847,23705
848,23705
849,23705
850,23705
851,23705
852,23705
853,23705
854,23705
855,23705
856,23705
857,23705
858,23705
859,23705
860,23705
861,23705
862,23705
863,23705
864,23705
865,23705
866,12545
867,8858
868,8858
869,12224
870,17946
871,23705
872,23705
873,23705
874,23705
875,23705
876,23705
877,23705
878,23705
879,23705
880,23705
881,23705
882,23705
883,23705
884,23705
885,23705
886,23705
887,16456
888,8354
889,2628
890,1000
891,4695
892,22036
893,23705
894,23705
895,23705
896,23705
897,23705
898,23705
899,23705
900,23705
901,23705
902,23705
903,23705
904,23705
905,23705
906,23705
907,23705
908,23705
909,23705
910,23705
911,13981
912,5040
913,1191
914,176
915,343
916,22036
917,23705
918,23705
919,23705
920,23705
921,23705
922,23705
923,23705
924,23705
925,23705
926,23705
927,23705
928,23705
929,23705
930,23705
931,23705
932,23705
933,23705
934,23705
935,13981
936,8354
937,1191
938,176
939,2597
940,18059
941,22381
942,23705
943,23705
944,23705
945,23705
946,23705
947,23705
948,23705
949,23705
950,23705
951,23705
952,23705
953,23705
954,23705
955,23705
956,23705
957,23705
958,23705
959,21441
960,10648
961,1191
962,1125
963,39
964,5974
965,23705
966,23705
967,23705
968,23705
969,23705
970,23705
971,23705
972,23705
973,23705
974,23705
975,23705
976,23705
977,23705
978,23705
979,23705
980,23705
981,23705
982,23705
983,11682
984,2097
985,4574
986,1000
987,2597
988,6529
989,21441
990,23705
991,23705
992,23705
993,23705
994,23705
995,23705
996,23705
997,23705
998,23705
999,23705
1000,23705
1001,23705
1002,23705
1003,23705
1004,23705
1005,23705
1006,23705
1007,23705
1008,23705
1009,23347
1010,2744
1011,2097
1012,2830
1013,12224
1014,23705
1015,23705
1016,23705
1017,23705
1018,23705
1019,23705
1020,23705
1021,23705
1022,23705
1023,23705
1024,23705
1025,23705
1026,23705
1027,23705
1028,23705
1029,23705
1030,23705
1031,23705
1032,23705
1033,13636
1034,13886
1035,1816
1036,4411
1037,23347
1038,23705
1039,23705
1040,23705
1041,23705
1042,23705
1043,23705
1044,23705
1045,23705
1046,23705
1047,23705
1048,23705
1049,23705
1050,23705
1051,23705
1052,23705
1053,23705
1054,23705
1055,12872
1056,5920
1057,1260
1058,176
1059,475
1060,1792
1061,23705
1062,23705
1063,23705
1064,23705
1065,23705
1066,23705
1067,23705
1068,23705
1069,23705
1070,23705
1071,23705
1072,23705
1073,23705
1074,23705
1075,23705
1076,23705
1077,23705
1078,23705
1079,11682
1080,9189
1081,1482
1082,1125
1083,343
1084,18059
1085,23705
1086,23705
1087,23705
1088,23705
1089,23705
1090,23705
1091,23705
1092,23705
1093,23705
1094,23705
1095,23705
1096,23705
1097,23705
1098,23705
1099,23705
1100,23705
1101,23705
1102,23705
1103,6958
1104,1643
1105,1000
1106,238
1107,176
1108,3338
1109,22381
1110,23705
1111,23705
1112,23705
1113,23705
1114,23705
1115,23705
1116,23705
1117,23705
1118,23705
1119,23705
1120,23705
1121,23705
1122,23705
1123,23705
1124,23705
1125,23705
1126,23705
1127,18897
1128,12872
1129,1260
1130,238
1131,238
1132,5832
1133,21106
1134,23705
1135,23705
1136,23705
1137,23705
1138,23705
1139,23705
1140,23705
1141,23705
1142,23705
1143,23705
1144,23705
1145,23705
1146,23705
1147,23705
1148,23705
1149,23705
1150,23705
1151,1191
1152,551
1153,551
1154,439
1155,1539
1156,3338
1157,10411
1158,10128
1159,23705
1160,23705
1161,23705
1162,23705
1163,23705
1164,23705
1165,23705
1166,23705
1167,23705
1168,23705
1169,23705
1170,23705
1171,23705
1172,19642
1173,17649
1174,16071
1175,23705
1176,23705
1177,23705
1178,8109
1179,9117
1180,5974
1181,18059
1182,23347
1183,23705
1184,23705
1185,23705
1186,23705
1187,23705
1188,23705
1189,23705
1190,23705
1191,23705
1192,23705
1193,23705
1194,23705
1195,23705
1196,23705
1197,23705
1198,23705
1199,23705
1200,23705
1201,13636
1202,22860
1203,10360
1204,15052
1205,20981
1206,23705
1207,23705
1208,23705
1209,23705
1210,23705
1211,23705
1212,23705
1213,23705
1214,23705
1215,23705
1216,23705
1217,23705
1218,23705
1219,23705
1220,23705
1221,23705
1222,23705
1223,15692
1224,5401
1225,2406
1226,779
1227,475
1228,10780
1229,21106
1230,23705
1231,23705
1232,23705
1233,23705
1234,23705
1235,23705
1236,23705
1237,23705
1238,23705
1239,23705
1240,23705
1241,23705
1242,23705
1243,23705
1244,23705
1245,23705
1246,23705
1247,15692
1248,5401
1249,1173
1250,97
1251,47
1252,14077
1253,23705
1254,22381
1255,23705
1256,23705
1257,23705
1258,23705
1259,23705
1260,23705
1261,23705
1262,23705
1263,23705
1264,23705
1265,23705
1266,23705
1267,23705
1268,23705
1269,23705
1270,23705
1271,16071
1272,6378
1273,3206
1274,176
1275,439
1276,5832
1277,23705
1278,23705
1279,23705
1280,23705
1281,23705
1282,23705
1283,23705
1284,23705
1285,23705
1286,23705
1287,23705
1288,23705
1289,23705
1290,23705
1291,23705
1292,23705
1293,23705
1294,23705
1295,12545
1296,9189
1297,2986
1298,111
1299,176
1300,18590
1301,23705
1302,23705
1303,23705
1304,23705
1305,23705
1306,23705
1307,23705
1308,23705
1309,23705
1310,23705
1311,23705
1312,23705
1313,23705
1314,23705
1315,23705
1316,23705
1317,23705
1318,23705
1319,18897
1320,12872
1321,1816
1322,74
1323,74
1324,3338
1325,23705
1326,23705
1327,23705
1328,23705
1329,23705
1330,23705
1331,23705
1332,23705
1333,23705
1334,23705
1335,23705
1336,23705
1337,23705
1338,23705
1339,23705
1340,23705
1341,23705
1342,23705
1343,23347
1344,17136
1345,23705
1346,8858
1347,1000
1348,7634
1349,11376
1350,19208
1351,23705
1352,23705
1353,23705
1354,23705
1355,23705
1356,23705
1357,23705
1358,23705
1359,23705
1360,23705
1361,23705
1362,23705
1363,23705
1364,23705
1365,23705
1366,23705
1367,23705
1368,23705
1369,23705
1370,4484
1371,475
1372,2271
1373,12224
1374,18781
1375,23705
1376,23705
1377,23705
1378,23705
1379,23705
1380,23705
1381,23705
1382,23705
1383,23705
1384,17538
1385,23705
1386,23705
1387,23705
1388,23705
1389,23705
1390,23705
1391,16071
1392,3613
1393,870
1394,512
1395,176
1396,8422
1397,23705
1398,23705
1399,23705
1400,23705
1401,23705
1402,23705
1403,23705
1404,23705
1405,23705
1406,23705
1407,23705
1408,23705
1409,23705
1410,23705
1411,23705
1412,23705
1413,23705
1414,23705
1415,13981
1416,1881
1417,1482
1418,64
1419,287
1420,6741
1421,21441
1422,23705
1423,23705
1424,23705
1425,23705
1426,23705
1427,23705
1428,23705
1429,23705
1430,23705
1431,23705
1432,23705
1433,23705
1434,23705
1435,23705
1436,23705
1437,23705
1438,23705
1439,18897
1440,18897
1441,1241
1442,238
1443,238
1444,11075
1445,23705
1446,23705
1447,23705
1448,23705
1449,23705
1450,23705
1451,23705
1452,23705
1453,23705
1454,23705
1455,23705
1456,23705
1457,23705
1458,23705
1459,23705
1460,23705
1461,23705
1462,23705
1463,23705
1464,7869
1465,1241
1466,238
1467,238
1468,11075
1469,23705
1470,23705
1471,23705
1472,23705
1473,23705
1474,23705
1475,23705
1476,23705
1477,23705
1478,23705
1479,23705
1480,23705
1481,23705
1482,23705
1483,23705
1484,23705
1485,23705
1486,23705
1487,17760
1488,13636
1489,512
1490,64
1491,97
1492,7934
1493,21441
1494,23705
1495,23705
1496,23705
1497,23705
1498,23705
1499,23705
1500,23705
1501,23705
1502,23705
1503,23705
1504,23705
1505,23705
1506,23705
1507,23705
1508,23705
1509,23705
1510,23705
1511,23347
1512,23705
1513,17136
1514,12224
1515,8603
1516,636
1517,19761
1518,19208
1519,23705
1520,23705
1521,23705
1522,23705
1523,23705
1524,23705
1525,23705
1526,23705
1527,23705
1528,23705
1529,23705
1530,23705
1531,23705
1532,23705
1533,23705
1534,23705
1535,23705
1536,23705
1537,18781
1538,7178
1539,141
1540,1620
1541,12224
1542,14235
1543,23705
1544,23705
1545,23705
1546,23705
1547,23705
1548,23705
1549,23705
1550,23705
1551,23705
1552,23705
1553,23705
1554,23705
1555,23705
1556,23705
1557,23705
1558,23705
1559,23705
1560,23705
1561,18781
1562,7178
1563,141
1564,1620
1565,9651
1566,23705
1567,23705
1568,23705
1569,23705
1570,23705
1571,23705
1572,23705
1573,23705
1574,23705
1575,23705
1576,23705
1577,23705
1578,23705
1579,23705
1580,23705
1581,23705
1582,23705
1583,13981
1584,13636
1585,1482
1586,64
1587,97
1588,9651
1589,20082
1590,23705
1591,23705
1592,23705
1593,23705
1594,23705
1595,23705
1596,23705
1597,23705
1598,23705
1599,23705
1600,23705
1601,23705
1602,23705
1603,23705
1604,23705
1605,23705
1606,23705
1607,21441
1608,5040
1609,1191
1610,176
1611,2830
1612,22036
1613,23705
1614,23705
1615,23705
1616,23705
1617,23705
1618,23705
1619,23705
1620,23705
1621,23705
1622,23705
1623,23705
1624,23705
1625,23705
1626,23705
1627,23705
1628,23705
1629,23705
1630,23705
1631,13981
1632,5040
1633,2628
1634,176
1635,2597
1636,6529
1637,22381
1638,23705
1639,23705
1640,23705
1641,23705
1642,23705
1643,23705
1644,23705
1645,23705
1646,23705
1647,23705
1648,23705
1649,23705
1650,23705
1651,23705
1652,23705
1653,23705
1654,23705
1655,21441
1656,3613
1657,2986
1658,111
1659,85
1660,8422
1661,23705
1662,23705
1663,23705
1664,23705
1665,23705
1666,23705
1667,23705
1668,23705
1669,23705
1670,23705
1671,23705
1672,23705
1673,23705
1674,23705
1675,23705
1676,23705
1677,23705
1678,23705
1679,23705
1680,23705
1681,18781
1682,7178
1683,2000
1684,3903
1685,12224
1686,23705
1687,23705
1688,23705
1689,23705
1690,23705
1691,23705
1692,23705
1693,23705
1694,23705
1695,17538
1696,17538
1697,17538
1698,23705
1699,23705
1700,23705
1701,23705
1702,23705
1703,23705
1704,23705
1705,14952
1706,10994
1707,1191
1708,405
1709,3613
1710,16350
1711,23705
1712,23705
1713,23705
1714,23705
1715,23705
1716,23705
1717,23705
1718,23705
1719,23705
1720,23705
1721,23705
1722,23705
1723,23705
1724,23705
1725,23705
1726,23705
1727,20981
1728,4367
1729,551
1730,2197
1731,4367
1732,8858
1733,21441
1734,23705
1735,23705
1736,23705
1737,23705
1738,23705
1739,23705
1740,23705
1741,23705
1742,23705
1743,23705
1744,23705
1745,23705
1746,23705
1747,23705
1748,23705
1749,23705
1750,23705
1751,10205
1752,2271
1753,3474
1754,343
1755,1125
1756,941
1757,13981
1758,23705
1759,23705
1760,23705
1761,23705
1762,23705
1763,23705
1764,23705
1765,23705
1766,23705
1767,23705
1768,23705
1769,23705
1770,23705
1771,23705
1772,23705
1773,23705
1774,23705
1775,13204
1776,7404
1777,2952
1778,831
1779,2097
1780,8858
1781,21441
1782,23705
1783,23705
1784,23705
1785,23705
1786,23705
1787,23705
1788,23705
1789,23705
1790,23705
1791,23705
1792,23705
1793,23705
1794,23705
1795,23705
1796,23705
1797,23705
1798,23705
1799,22860
1800,11376
1801,1620
1802,238
1803,111
1804,5218
1805,23705
1806,23705
1807,23705
1808,23705
1809,23705
1810,23705
1811,23705
1812,23705
1813,23705
1814,23705
1815,23705
1816,23705
1817,23705
1818,23705
1819,23705
1820,23705
1821,23705
1822,23705
1823,22860
1824,4484
1825,2169
1826,238
1827,5351
1828,10001
1829,23705
1830,23705
1831,23705
1832,23705
1833,23705
1834,23705
1835,23705
1836,23705
1837,23705
1838,23705
1839,23705
1840,23705
1841,23705
1842,23705
1843,23705
1844,23705
1845,23705
1846,23705
1847,23705
1848,22381
1849,19208
1850,13886
1851,1816
1852,7530
1853,16350
1854,23705
1855,23705
1856,23705
1857,23705
1858,23705
1859,23705
1860,23705
1861,23705
1862,23705
1863,23705
1864,23705
1865,23705
1866,23705
1867,23705
1868,23705
1869,23705
1870,23705
1871,22860
1872,22860
1873,23705
1874,9117
1875,2169
1876,2169
1877,16350
1878,8109
1879,23705
1880,23705
1881,23705
1882,23705
1883,23705
1884,23705
1885,23705
1886,23705
1887,23705
1888,23705
1889,23705
1890,23705
1891,23705
1892,23705
1893,23705
1894,23705
1895,10994
1896,7404
1897,2952
1898,831
1899,4367
1900,8534
1901,23705
1902,23705
1903,23705
1904,23705
1905,23705
1906,23705
1907,23705
1908,23705
1909,23705
1910,23705
1911,23705
1912,23705
1913,23705
1914,23705
1915,23705
1916,23705
1917,23705
1918,23705
1919,5588
1920,1643
1921,1643
1922,314
1923,97
1924,7934
1925,21441
1926,23705
1927,23705
1928,23705
1929,23705
1930,23705
1931,23705
1932,23705
1933,23705
1934,23705
1935,23705
1936,23705
1937,23705
1938,23705
1939,23705
1940,23705
1941,23705
1942,23705
1943,18059
1944,4209
1945,681
1946,97
1947,4367
1948,19326
1949,23705
1950,23705
1951,23705
1952,23705
1953,23705
1954,23705
1955,23705
1956,23705
1957,23705
1958,23705
1959,23705
1960,23705
1961,23705
1962,23705
1963,23705
1964,23705
1965,23705
1966,23705
1967,3903
1968,2863
1969,681
1970,74
1971,2863
1972,7018
1973,16071
1974,23705
1975,23705
1976,23705
1977,23705
1978,23705
1979,23705
1980,23705
1981,23705
1982,23705
1983,23705
1984,23705
1985,23705
1986,23705
1987,23705
1988,23705
1989,23705
1990,23705
1991,10994
1992,7404
1993,2952
1994,831
1995,4367
1996,6683
1997,20981
1998,23705
1999,23705
2000,23705
2001,23705
2002,23705
2003,23705
2004,23705
2005,23705
2006,23705
2007,23705
2008,23705
2009,23705
2010,23705
2011,23705
2012,23705
2013,23705
2014,23705
2015,23705
2016,23705
2017,23705
2018,5920
2019,1405
2020,1539
2021,11682
2022,23705
2023,23705
2024,23705
2025,23705
2026,23705
2027,23705
2028,23705
2029,23705
2030,23705
2031,23705
2032,23705
2033,23705
2034,23705
2035,23705
2036,23705
2037,23705
2038,23705
2039,23705
2040,23705
2041,16350
2042,8354
2043,8354
2044,5726
2045,11598
2046,20528
2047,14493
2048,23705
2049,23705
2050,23705
2051,23705
2052,23705
2053,23705
2054,23705
2055,23705
2056,23705
2057,23705
2058,23705
2059,23705
2060,23705
2061,23705
2062,23705
2063,3717
2064,1620
2065,3717
2066,3717
2067,3717
2068,3717
2069,23705
2070,7118
2071,23705
2072,23705
2073,23705
2074,23705
2075,23705
2076,23705
2077,23705
2078,23705
2079,23705
2080,23705
2081,23705
2082,23705
2083,23705
2084,23705
2085,23705
2086,23705
2087,3717
2088,3717
2089,3717
2090,3717
2091,3717
2092,7118
2093,7118
2094,13449
2095,13449
2096,23705
2097,23705
2098,23705
2099,23705
2100,23705
2101,23705
2102,23705
2103,23705
2104,23705
2105,23705
2106,23705
2107,23705
2108,23705
2109,23705
2110,23705
2111,2830
2112,2830
2113,195
2114,512
2115,3242
2116,14332
2117,22993
2118,22993
2119,23705
2120,23705
2121,23705
2122,23705
2123,23705
2124,23705
2125,23705
2126,23705
2127,23705
2128,23705
2129,23705
2130,23705
2131,23705
2132,23705
2133,23705
2134,23705
2135,12962
2136,1561
2137,1125
2138,1260
2139,2455
2140,9925
2141,17245
2142,23705
2143,23705
2144,23705
2145,23705
2146,23705
2147,23705
2148,23705
2149,23705
2150,23705
2151,23705
2152,23705
2153,23705
2154,23705
2155,23705
2156,23705
2157,23705
2158,23705
2159,5401
2160,1000
2161,287
2162,157
2163,1191
2164,8603
2165,23705
2166,23705
2167,23705
2168,23705
2169,23705
2170,23705
2171,23705
2172,23705
2173,23705
2174,23705
2175,23705
2176,23705
2177,23705
2178,23705
2179,23705
2180,23705
2181,23705
2182,23705
2183,23347
2184,13542
2185,14952
2186,6174
2187,5588
2188,5588
2189,11598
2190,20528
2191,20528
2192,23705
2193,23705
2194,23705
2195,23705
2196,23705
2197,23705
2198,23705
2199,23705
2200,23705
2201,23705
2202,23705
2203,23705
2204,23705
2205,23705
2206,23705
2207,23347
2208,23347
2209,6958
2210,2485
2211,1816
2212,1000
2213,3206
2214,9045
2215,20528
2216,23705
2217,23705
2218,23705
2219,23705
2220,23705
2221,23705
2222,23705
2223,23705
2224,23705
2225,23705
2226,23705
2227,23705
2228,23705
2229,23705
2230,23705
2231,3717
2232,3717
2233,3717
2234,3717
2235,3717
2236,7118
2237,7118
2238,13449
2239,23705
2240,23705
2241,23705
2242,23705
2243,23705
2244,23705
2245,23705
2246,23705
2247,23705
2248,23705
2249,23705
2250,23705
2251,23705
2252,23705
2253,23705
2254,23705
2255,9381
2256,5920
2257,831
2258,141
2259,1816
2260,9925
2261,17245
2262,23705
2263,23705
2264,23705
2265,15589
2266,13204
2267,11994
2268,12311
2269,21907
2270,15967
2271,21907
2272,23705
2273,23705
2274,23705
2275,23705
2276,23705
2277,22381
2278,22381
2279,6800
2280,2515
2281,439
2282,195
2283,14853
2284,6266
2285,23705
2286,23705
2287,23705
2288,23705
2289,23705
2290,23705
2291,23705
2292,23705
2293,23705
2294,23705
2295,23705
2296,23705
2297,23705
2298,23705
2299,23705
2300,23705
2301,23705
2302,23705
2303,5974
2304,2515
2305,238
2306,141
2307,39
2308,2169
2309,23705
2310,23705
2311,23705
2312,23705
2313,23705
2314,23705
2315,23705
2316,23705
2317,23705
2318,23705
2319,23705
2320,23705
2321,23705
2322,23705
2323,23705
2324,23705
2325,23705
2326,23705
2327,9381
2328,5920
2329,831
2330,405
2331,7698
2332,14332
2333,20528
2334,23705
2335,23705
2336,23705
2337,23705
2338,23705
2339,23705
2340,23705
2341,23705
2342,23705
2343,23705
2344,23705
2345,23705
2346,23705
2347,23705
2348,23705
2349,23705
2350,23705
2351,23705
2352,23705
2353,12224
2354,12224
2355,3575
2356,3575
2357,5169
2358,9045
2359,19642
2360,23705
2361,23705
2362,23705
2363,23705
2364,23705
2365,23705
2366,23705
2367,23705
2368,23705
2369,23705
2370,23347
2371,23347
2372,23705
2373,23705
2374,23705
2375,23347
2376,23705
2377,13542
2378,5588
2379,5726
2380,2271
2381,9308
2382,23705
2383,20528
2384,23705
2385,23705
2386,23705
2387,23705
2388,23705
2389,23705
2390,23705
2391,23705
2392,23705
2393,23705
2394,23705
2395,23705
2396,23705
2397,23705
2398,23705
2399,23705
2400,6174
2401,7018
2402,5920
2403,439
2404,216
2405,3903
2406,14332
2407,20528
2408,23705
2409,23705
2410,23705
2411,23705
2412,23705
2413,23705
2414,23705
2415,23705
2416,23705
2417,23705
2418,23705
2419,22381
2420,23705
2421,20082
2422,20528
2423,7404
2424,1907
2425,681
2426,439
2427,3242
2428,7118
2429,13449
2430,23705
2431,23705
2432,23705
2433,23705
2434,23705
2435,23705
2436,23705
2437,23705
2438,23705
2439,23705
2440,23705
2441,23705
2442,23705
2443,23705
2444,23705
2445,23705
2446,23705
2447,2377
2448,885
2449,636
2450,141
2451,1191
2452,8603
2453,17245
2454,23347
2455,23705
2456,23705
2457,23705
2458,23705
2459,23705
2460,23705
2461,23705
2462,23705
2463,23705
2464,23705
2465,23705
2466,23705
2467,23705
2468,23705
2469,23705
2470,23705
2471,681
2472,2830
2473,2485
2474,4992
2475,4166
2476,11598
2477,20528
2478,23705
2479,23705
2480,23705
2481,23705
2482,23705
2483,23705
2484,23705
2485,23705
2486,23705
2487,23705
2488,23705
2489,23705
2490,23705
2491,23705
2492,23705
2493,23705
2494,23705
2495,3077
2496,3717
2497,3717
2498,3717
2499,3717
2500,12311
2501,16740
2502,23705
2503,7118
2504,23705
2505,23705
2506,23705
2507,23705
2508,23705
2509,23705
2510,23705
2511,23705
2512,23705
2513,23705
2514,23705
2515,23705
2516,23705
2517,23705
2518,23705
2519,15052
2520,14853
2521,10411
2522,3302
2523,1191
2524,125
2525,3613
2526,10780
2527,23705
2528,23705
2529,23705
2530,23705
2531,23705
2532,23705
2533,23705
2534,23705
2535,23705
2536,23705
2537,23705
2538,23705
2539,23347
2540,23705
2541,23705
2542,23705
2543,12224
2544,12457
2545,12224
2546,6322
2547,1173
2548,3575
2549,3575
2550,3575
2551,16350
2552,23705
2553,23705
2554,23705
2555,23705
2556,23705
2557,23705
2558,23705
2559,23705
2560,23705
2561,23705
2562,23705
2563,23705
2564,23705
2565,23705
2566,23705
2567,9381
2568,2830
2569,195
2570,551
2571,176
2572,14332
2573,22993
2574,23705
2575,23705
2576,23705
2577,23705
2578,23705
2579,15967
2580,18897
2581,23705
2582,23705
2583,23705
2584,23705
2585,23705
2586,23705
2587,23705
2588,23705
2589,23705
2590,23705
2591,3717
2592,1620
2593,3717
2594,3717
2595,3717
2596,7118
2597,7118
2598,7118
2599,23705
2600,23705
2601,23705
2602,23705
2603,23705
2604,23705
2605,23705
2606,23705
2607,23705
2608,23705
2609,23705
2610,23705
2611,23705
2612,23705
2613,23705
2614,23705
2615,3717
2616,3717
2617,3717
2618,716
2619,3436
2620,7118
2621,13449
2622,23705
2623,13449
2624,23705
2625,23705
2626,23705
2627,23705
2628,23705
2629,23705
2630,23705
2631,23705
2632,23705
2633,23705
2634,23705
2635,23705
2636,23705
2637,23705
2638,22381
2639,2377
2640,5351
2641,1384
2642,1173
2643,1704
2644,13204
2645,17245
2646,23705
2647,23705
2648,23705
2649,23705
2650,23705
2651,23705
2652,23705
2653,23705
2654,23705
2655,23705
2656,23705
2657,23705
2658,23705
2659,23705
2660,23705
2661,23705
2662,23705
2663,2986
2664,885
2665,636
2666,125
2667,1816
2668,8603
2669,23705
2670,23705
2671,23705
2672,23705
2673,15589
2674,23705
2675,23705
2676,23705
2677,23705
2678,23705
2679,23705
2680,23705
2681,23705
2682,23705
2683,23705
2684,23705
2685,23705
2686,22381
2687,23705
2688,13542
2689,12224
2690,6322
2691,729
2692,3575
2693,3206
2694,3575
2695,20528
2696,23705
2697,23705
2698,23705
2699,23705
2700,23705
2701,23705
2702,23705
2703,23705
2704,23705
2705,23705
2706,23705
2707,23705
2708,23705
2709,23705
2710,23705
2711,23705
2712,19208
2713,13296
2714,2485
2715,716
2716,5588
2717,11598
2718,20528
2719,20528
2720,23705
2721,23705
2722,23705
2723,23705
2724,23705
2725,23705
2726,23705
2727,23705
2728,23705
2729,23705
2730,23705
2731,23705
2732,23705
2733,23705
2734,23705
2735,3077
2736,3717
2737,3717
2738,3717
2739,3717
2740,7118
2741,7118
2742,7118
2743,13449
2744,23705
2745,23705
2746,23705
2747,23705
2748,23705
2749,23705
2750,23705
2751,23705
2752,23705
2753,23705
2754,23705
2755,23705
2756,23705
2757,23705
2758,23705
2759,2377
2760,3717
2761,636
2762,3717
2763,3717
2764,7118
2765,7118
2766,13449
2767,13449
2768,23705
2769,23705
2770,23705
2771,23705
2772,23705
2773,23705
2774,23705
2775,23705
2776,23705
2777,23705
2778,23705
2779,23705
2780,23705
2781,23705
2782,23705
2783,9381
2784,5920
2785,2485
2786,1460
2787,3338
2788,14332
2789,14591
2790,20528
2791,23705
2792,23705
2793,23705
2794,23705
2795,23705
2796,23705
2797,23705
2798,23705
2799,23705
2800,23705
2801,23705
2802,23705
2803,23705
2804,23705
2805,23705
2806,23705
2807,5218
2808,2830
2809,831
2810,141
2811,1191
2812,8603
2813,17245
2814,20528
2815,23705
2816,23705
2817,23705
2818,23705
2819,15967
2820,15967
2821,23705
2822,23705
2823,23705
2824,23705
2825,23705
2826,23705
2827,23705
2828,23705
2829,23705
2830,23705
2831,9381
2832,885
2833,636
2834,141
2835,1191
2836,8603
2837,17245
2838,20528
2839,23705
2840,15589
2841,15589
2842,23705
2843,23705
2844,23705
2845,23705
2846,23705
2847,23705
2848,23705
2849,23705
2850,23705
2851,23705
2852,23705
2853,23705
2854,23705
2855,23705
2856,23705
2857,23705
2858,6683
2859,6683
2860,3575
2861,3575
2862,3575
2863,16350
2864,16350
2865,23705
2866,23705
2867,23705
2868,23705
2869,23705
2870,23705
2871,23705
2872,23705
2873,23705
2874,23705
2875,23705
2876,23705
2877,23705
2878,23705
2879,13542
2880,13542
2881,6958
2882,5588
2883,5588
2884,5588
2885,11598
2886,20528
2887,20528
2888,23705
2889,23705
2890,23705
2891,23705
2892,23705
2893,23705
2894,23705
2895,23705
2896,23705
2897,23705
2898,23705
2899,23705
2900,23705
2901,19642
2902,23705
2903,3903
2904,23705
2905,23705
2906,23705
2907,22381
2908,13204
2909,13204
2910,23705
2911,13204
2912,8603
2913,13204
2914,14139
2915,1061
2916,512
2917,55
2918,33
2919,1061
2920,14689
2921,14591
2922,19642
2923,23705
2924,23705
2925,23705
2926,23705
2927,23705
2928,23705
2929,23705
2930,23705
2931,23705
2932,23705
2933,23705
2934,23705
2935,23705
2936,23705
2937,23705
2938,23705
2939,7934
2940,1331
2941,439
2942,439
2943,3717
2944,7178
2945,19761
2946,23705
2947,23705
2948,23705
2949,23705
2950,23705
2951,23705
2952,23705
2953,23705
2954,23705
2955,23705
2956,23705
2957,23705
2958,23705
2959,23705
2960,23705
2961,23705
2962,23705
2963,3338
2964,2830
2965,779
2966,287
2967,3436
2968,12634
2969,21441
2970,23705
2971,23705
2972,23705
2973,23705
2974,23705
2975,23705
2976,23705
2977,23705
2978,23705
2979,23705
2980,23705
2981,23705
2982,23705
2983,23705
2984,23705
2985,23705
2986,23705
2987,23705
2988,17538
2989,10411
2990,6529
2991,6529
2992,6529
2993,16740
2994,16740
2995,23705
2996,23705
2997,23705
2998,23705
2999,23705
3000,23705
3001,23705
3002,23705
3003,23705
3004,23705
3005,23705
3006,23705
3007,23705
3008,23705
3009,23705
3010,23705
3011,15052
3012,14952
3013,11598
3014,10490
3015,314
3016,314
3017,3613
3018,6322
3019,23705
3020,23705
3021,23705
3022,23705
3023,23705
3024,23705
3025,23705
3026,23705
3027,23705
3028,23705
3029,23705
3030,23705
3031,23705
3032,23705
3033,23705
3034,23705
3035,3338
3036,3338
3037,831
3038,593
3039,2377
3040,11598
3041,11598
3042,20528
3043,23705
3044,23705
3045,23705
3046,23705
3047,23705
3048,23705
3049,23705
3050,23705
3051,23705
3052,23705
3053,23705
3054,23705
3055,23705
3056,23705
3057,23705
3058,23705
3059,831
3060,195
3061,593
3062,1044
3063,2044
3064,5674
3065,23705
3066,23705
3067,23705
3068,23705
3069,23705
3070,23705
3071,23705
3072,23705
3073,23705
3074,23705
3075,23705
3076,23705
3077,23705
3078,23705
3079,23705
3080,23705
3081,23705
3082,23705
3083,3338
3084,195
3085,64
3086,941
3087,2485
3088,11598
3089,11293
3090,21441
3091,23705
3092,23705
3093,23705
3094,23705
3095,23705
3096,23705
3097,23705
3098,23705
3099,23705
3100,23705
3101,23705
3102,23705
3103,23705
3104,23705
3105,23705
3106,23705
3107,831
3108,3757
3109,1384
3110,2485
3111,5169
3112,10700
3113,23705
3114,23705
3115,23705
3116,23705
3117,23705
3118,23705
3119,23705
3120,23705
3121,23705
3122,23705
3123,23705
3124,23705
3125,23705
3126,23705
3127,23705
3128,23705
3129,23705
3130,2830
3131,3757
3132,3338
3133,262
3134,1643
3135,1974
3136,12782
3137,23705
3138,23705
3139,23705
3140,23705
3141,23705
3142,23705
3143,23705
3144,23705
3145,23705
3146,23705
3147,23705
3148,23705
3149,23705
3150,23705
3151,23705
3152,23705
3153,23705
3154,23705
3155,11075
3156,16071
3157,1881
3158,2070
3159,287
3160,885
3161,2097
3162,20528
3163,23705
3164,23705
3165,23705
3166,23705
3167,23705
3168,23705
3169,23705
3170,23705
3171,23705
3172,23347
3173,23705
3174,23347
3175,23705
3176,19326
3177,17245
3178,12962
3179,23705
3180,4367
3181,4323
3182,238
3183,195
3184,636
3185,5536
3186,9117
3187,16350
3188,23705
3189,23705
3190,23705
3191,23705
3192,23705
3193,23705
3194,23705
3195,23705
3196,23705
3197,23347
3198,23705
3199,23705
3200,20528
3201,20528
3202,13542
3203,12457
3204,12224
3205,2597
3206,1173
3207,1311
3208,4054
3209,7178
3210,9045
3211,14235
3212,23705
3213,23705
3214,23705
3215,23705
3216,23705
3217,23705
3218,23705
3219,23705
3220,23705
3221,23705
3222,23705
3223,23705
3224,23705
3225,23705
3226,941
3227,885
3228,1405
3229,439
3230,1704
3231,8354
3232,11682
3233,19642
3234,23705
3235,23705
3236,23705
3237,23705
3238,23705
3239,23705
3240,23705
3241,23705
3242,23705
3243,23705
3244,23705
3245,23705
3246,23705
3247,23705
3248,23705
3249,23705
3250,3757
3251,195
3252,195
3253,1044
3254,2044
3255,6064
3256,12782
3257,23705
3258,23705
3259,23705
3260,23705
3261,23705
3262,23705
3263,23705
3264,23705
3265,23705
3266,23705
3267,23705
3268,23705
3269,23705
3270,23705
3271,23705
3272,23705
3273,23705
3274,3613
3275,681
3276,1405
3277,405
3278,2377
3279,1460
3280,21907
3281,23705
3282,23705
3283,23705
3284,23705
3285,23705
3286,23705
3287,23705
3288,23705
3289,23705
3290,23705
3291,23705
3292,23705
3293,23705
3294,23705
3295,23705
3296,23705
3297,23705
3298,3613
3299,2169
3300,831
3301,157
3302,2597
3303,12634
3304,9925
3305,21441
3306,23705
3307,23705
3308,23705
3309,23705
3310,23705
3311,23705
3312,23705
3313,23705
3314,23705
3315,23705
3316,23705
3317,23705
3318,23705
3319,23705
3320,23705
3321,23705
3322,23705
3323,19208
3324,11908
3325,5920
3326,2952
3327,1704
3328,4695
3329,4695
3330,10411
3331,23705
3332,23705
3333,23705
3334,23705
3335,23705
3336,23705
3337,23705
3338,23705
3339,23705
3340,23705
3341,23705
3342,23705
3343,23705
3344,23705
3345,23705
3346,23705
3347,11293
3348,4367
3349,729
3350,262
3351,238
3352,512
3353,2628
3354,12962
3355,23705
3356,23705
3357,23705
3358,23705
3359,23705
3360,23705
3361,23705
3362,23705
3363,23705
3364,23705
3365,23705
3366,23705
3367,23705
3368,23705
3369,23705
3370,5351
3371,2377
3372,439
3373,3717
3374,3717
3375,7118
3376,12224
3377,23705
3378,23705
3379,23705
3380,23705
3381,23705
3382,23705
3383,23705
3384,23705
3385,23705
3386,23705
3387,23705
3388,23705
3389,23705
3390,23705
3391,23705
3392,23705
3393,23705
3394,8534
3395,2377
3396,1044
3397,3717
3398,1620
3399,7178
3400,11293
3401,23705
3402,23705
3403,23705
3404,23705
3405,23705
3406,23705
3407,23705
3408,23705
3409,23705
3410,23705
3411,23705
3412,23705
3413,23705
3414,23705
3415,23705
3416,23705
3417,23705
3418,6587
3419,373
3420,439
3421,373
3422,1061
3423,15319
3424,15319
3425,19642
3426,23705
3427,23705
3428,23705
3429,23705
3430,23705
3431,23705
3432,23705
3433,23705
3434,23705
3435,23705
3436,23705
3437,23705
3438,23705
3439,23705
3440,23705
3441,23705
3442,23705
3443,20528
3444,4650
3445,2070
3446,1704
3447,636
3448,1974
3449,7698
3450,8354
3451,23705
3452,23705
3453,23705
3454,23705
3455,23705
3456,23705
3457,23705
3458,23705
3459,23705
3460,23705
3461,23705
3462,22381
3463,23705
3464,23705
3465,23705
3466,2169
3467,551
3468,373
3469,287
3470,581
3471,9117
3472,11682
3473,23705
3474,23705
3475,23705
3476,23705
3477,23705
3478,23705
3479,23705
3480,23705
3481,23705
3482,23705
3483,23705
3484,23705
3485,23705
3486,23705
3487,23705
3488,23705
3489,23705
3490,23347
3491,15421
3492,15421
3493,8422
3494,8422
3495,9850
3496,9850
3497,14139
3498,23705
3499,23705
3500,23705
3501,23705
3502,23705
3503,23705
3504,23705
3505,23705
3506,23705
3507,23705
3508,23705
3509,23705
3510,23705
3511,23705
3512,23705
3513,23705
3514,16071
3515,15421
3516,9189
3517,8422
3518,6119
3519,4012
3520,9850
3521,23705
3522,23705
3523,23705
3524,23705
3525,23705
3526,23705
3527,23705
3528,23705
3529,23705
3530,23705
3531,23705
3532,23705
3533,23705
3534,23705
3535,23705
3536,23705
3537,23705
3538,4054
3539,1125
3540,729
3541,1311
3542,624
3543,6064
3544,13113
3545,23705
3546,23705
3547,23705
3548,23705
3549,23705
3550,23705
3551,23705
3552,23705
3553,23705
3554,23705
3555,23705
3556,23705
3557,23705
3558,23705
3559,23705
3560,23705
3561,23705
3562,3613
3563,1792
3564,512
3565,3717
3566,1191
3567,9117
3568,14591
3569,16740
3570,23705
3571,23705
3572,23705
3573,23705
3574,23705
3575,23705
3576,23705
3577,23705
3578,23705
3579,23705
3580,8603
3581,23705
3582,14139
3583,8603
3584,8603
3585,9308
3586,1561
3587,1561
3588,551
3589,1311
3590,2044
3591,7805
3592,12782
3593,21441
3594,23705
3595,23705
3596,23705
3597,23705
3598,23705
3599,23705
3600,23705
3601,23705
3602,23705
3603,23705
3604,23705
3605,23705
3606,23705
3607,23705
3608,23705
3609,23705
3610,3757
3611,593
3612,141
3613,2348
3614,6064
3615,13113
3616,23705
3617,23705
3618,23705
3619,23705
3620,23705
3621,23705
3622,23705
3623,23705
3624,23705
3625,23705
3626,23705
3627,23705
3628,23705
3629,23705
3630,23705
3631,23705
3632,23705
3633,1907
3634,2097
3635,373
3636,27
3637,373
3638,9117
3639,10700
3640,23705
3641,23705
3642,23705
3643,23705
3644,23705
3645,23705
3646,23705
3647,23705
3648,23705
3649,23705
3650,23705
3651,23705
3652,23705
3653,23705
3654,23705
3655,23705
3656,23705
3657,14952
3658,11075
3659,6529
3660,3575
3661,262
3662,373
3663,1000
3664,2097
3665,5088
3666,6800
3667,10001
3668,23705
3669,19642
3670,23705
3671,23705
3672,23705
3673,23705
3674,23705
3675,23705
3676,23705
3677,23705
3678,23705
3679,23705
3680,21907
3681,11075
3682,11075
3683,4367
3684,551
3685,551
3686,195
3687,885
3688,1331
3689,2744
3690,5088
3691,10490
3692,16071
3693,19642
3694,23705
3695,23705
3696,23705
3697,23705
3698,23705
3699,23705
3700,23705
3701,23705
3702,23705
3703,23705
3704,21907
3705,5536
3706,3717
3707,3717
3708,581
3709,1907
3710,17649
3711,22381
3712,23705
3713,23705
3714,23705
3715,23705
3716,23705
3717,23705
3718,23705
3719,23705
3720,23705
3721,23705
3722,23705
3723,23705
3724,23705
3725,23705
3726,23705
3727,23705
3728,23705
3729,5401
3730,3717
3731,1044
3732,540
3733,816
3734,17245
3735,22381
3736,23705
3737,23705
3738,23705
3739,23705
3740,23705
3741,23705
3742,23705
3743,23705
3744,23705
3745,23705
3746,23705
3747,23705
3748,23705
3749,23705
3750,23705
3751,23705
3752,23705
3753,1704
3754,1260
3755,3717
3756,3717
3757,1241
3758,13791
3759,13791
3760,23705
3761,23705
3762,23705
3763,23705
3764,23705
3765,23705
3766,23705
3767,23705
3768,23705
3769,23705
3770,23705
3771,23705
3772,23705
3773,23705
3774,23705
3775,23705
3776,23705
3777,2830
3778,1384
3779,373
3780,870
3781,2169
3782,4819
3783,11293
3784,20528
3785,23705
3786,23705
3787,23705
3788,23705
3789,23705
3790,23705
3791,23705
3792,23705
3793,23705
3794,23705
3795,23705
3796,23705
3797,23705
3798,23705
3799,23705
3800,23705
3801,1907
3802,1405
3803,1405
3804,111
3805,373
3806,9117
3807,11293
3808,23705
3809,23705
3810,23705
3811,23705
3812,23705
3813,23705
3814,23705
3815,23705
3816,23705
3817,23705
3818,23705
3819,23705
3820,23705
3821,23705
3822,12962
3823,11682
3824,12545
3825,11075
3826,11075
3827,8354
3828,512
3829,343
3830,343
3831,941
3832,1792
3833,10994
3834,10994
3835,23705
3836,23705
3837,23705
3838,23705
3839,23705
3840,23705
3841,23705
3842,23705
3843,23705
3844,23705
3845,23705
3846,23705
3847,23705
3848,23705
3849,23705
3850,23705
3851,12457
3852,4323
3853,3436
3854,3575
3855,4650
3856,7178
3857,13542
3858,13542
3859,23705
3860,23705
3861,23705
3862,23705
3863,23705
3864,20528
3865,20528
3866,23705
3867,22860
3868,23705
3869,23705
3870,23705
3871,23705
3872,23705
3873,85
3874,475
3875,64
3876,64
3877,1907
3878,11376
3879,19761
3880,23705
3881,23705
3882,23705
3883,15589
3884,13204
3885,11994
3886,17355
3887,18897
3888,21907
3889,21907
3890,23705
3891,23705
3892,23705
3893,23705
3894,22381
3895,23705
3896,22381
3897,4650
3898,3717
3899,3717
3900,3717
3901,2680
3902,9651
3903,13113
3904,23705
3905,23705
3906,23705
3907,23705
3908,23705
3909,23705
3910,23705
3911,23705
3912,23705
3913,23705
3914,23705
3915,23705
3916,23705
3917,23705
3918,23705
3919,23705
3920,23705
3921,3757
3922,195
3923,439
3924,64
3925,343
3926,4819
3927,11293
3928,23705
3929,23705
3930,23705
3931,23705
3932,23705
3933,23705
3934,23705
3935,23705
3936,23705
3937,23705
3938,23705
3939,23705
3940,23705
3941,23705
3942,23705
3943,23705
3944,23705
3945,3757
3946,3757
3947,64
3948,64
3949,1974
3950,1974
3951,11293
3952,23705
3953,23705
3954,23705
3955,23705
3956,23705
3957,23705
3958,23705
3959,23705
3960,23705
3961,23705
3962,23705
3963,23705
3964,23705
3965,23705
3966,23705
3967,23705
3968,23705
3969,681
3970,1125
3971,1405
3972,1311
3973,2348
3974,6064
3975,23705
3976,23705
3977,23705
3978,23705
3979,23705
3980,23705
3981,23705
3982,23705
3983,23705
3984,23705
3985,23705
3986,23705
3987,23705
3988,23705
3989,23705
3990,23705
3991,23705
3992,23705
3993,23705
3994,14952
3995,6529
3996,551
3997,1620
3998,343
3999,3242
4000,7698
4001,12962
4002,21568
4003,23705
4004,23705
4005,23705
4006,23705
4007,23705
4008,23705
4009,23705
4010,23705
4011,23705
4012,23705
4013,23705
4014,23705
4015,23705
4016,23705
4017,12723
4018,23705
4019,4367
4020,2952
4021,1704
4022,636
4023,941
4024,6529
4025,8354
4026,16071
4027,10490
4028,12634
4029,23705
4030,23705
4031,23705
4032,23705
4033,23705
4034,23705
4035,23705
4036,23705
4037,23705
4038,23705
4039,21907
4040,23705
4041,7530
4042,593
4043,64
4044,64
4045,2377
4046,15899
4047,18781
4048,23705
4049,23705
4050,23705
4051,23705
4052,23705
4053,23705
4054,23705
4055,21907
4056,21907
4057,23705
4058,23705
4059,23705
4060,23705
4061,23705
4062,22381
4063,22381
4064,22381
4065,6800
4066,2515
4067,636
4068,1107
4069,3717
4070,15899
4071,18781
4072,23705
4073,23705
4074,23705
4075,23705
4076,23705
4077,23705
4078,23705
4079,23705
4080,23705
4081,23705
4082,23705
4083,23705
4084,23705
4085,23705
4086,23705
4087,23705
4088,23705
4089,4367
4090,2169
4091,287
4092,27
4093,581
4094,5351
4095,13113
4096,23705
4097,23705
4098,23705
4099,23705
4100,23705
4101,23705
4102,23705
4103,23705
4104,23705
4105,23705
4106,23705
4107,23705
4108,23705
4109,23705
4110,23705
4111,23705
4112,23705
4113,7240
4114,2377
4115,176
4116,512
4117,3436
4118,9925
4119,7178
4120,13449
4121,23705
4122,23705
4123,23705
4124,23705
4125,23705
4126,23705
4127,23705
4128,23705
4129,23705
4130,23705
4131,23705
4132,23705
4133,23705
4134,23705
4135,13204
4136,23705
4137,3613
4138,729
4139,551
4140,551
4141,287
4142,4166
4143,8176
4144,23705
4145,23705
4146,23705
4147,23705
4148,23705
4149,23705
4150,23705
4151,23705
4152,23705
4153,23705
4154,23705
4155,23705
4156,23705
4157,23705
4158,23705
4159,23705
4160,20981
4161,3652
4162,3652
4163,2000
4164,593
4165,39
4166,14
4167,816
4168,2680
4169,13791
4170,23705
4171,23705
4172,23705
4173,23705
4174,23705
4175,23705
4176,23705
4177,23705
4178,23705
4179,23705
4180,23705
4181,23705
4182,17245
4183,9850
4184,14139
4185,11908
4186,3652
4187,13542
4188,2070
4189,39
4190,111
4191,2377
4192,5351
4193,11598
4194,23705
4195,23705
4196,23705
4197,23705
4198,23705
4199,23705
4200,23705
4201,23705
4202,23705
4203,23705
4204,20528
4205,23705
4206,20082
4207,15319
4208,13886
4209,2097
4210,97
4211,22
4212,3
4213,624
4214,14493
4215,23705
4216,23705
4217,23705
4218,23705
4219,23705
4220,23705
4221,12872
4222,23705
4223,22381
4224,22381
4225,22381
4226,22381
4227,22381
4228,23705
4229,19208
4230,23705
4231,14235
4232,8603
4233,12311
4234,4096
4235,39
4236,238
4237,2097
4238,3375
4239,8999
4240,12311
4241,23705
4242,23705
4243,23705
4244,23705
4245,23705
4246,23705
4247,23705
4248,23705
4249,20082
4250,23705
4251,23705
4252,20082
4253,19761
4254,12080
4255,512
4256,125
4257,8
4258,8
4259,716
4260,6322
4261,11908
4262,9850
4263,17946
4264,23705
4265,13113
4266,13113
4267,13113
4268,13113
4269,23705
4270,22381
4271,22381
4272,22381
4273,22381
4274,23705
4275,23705
4276,19642
4277,14235
4278,11376
4279,405
4280,262
4281,287
4282,18
4283,4012
4284,6683
4285,21441
4286,21441
4287,23705
4288,23705
4289,23705
4290,23705
4291,23705
4292,23705
4293,23705
4294,23705
4295,23705
4296,23705
4297,23705
4298,23705
4299,23705
4300,21441
4301,16848
4302,14689
4303,475
4304,97
4305,6
4306,18
4307,593
4308,6741
4309,7342
4310,23705
4311,23705
4312,23705
4313,23705
4314,23705
4315,23705
4316,23705
4317,23705
4318,23705
4319,23705
4320,23705
4321,23705
4322,23705
4323,23705
4324,19642
4325,14952
4326,16848
4327,8858
4328,12872
4329,1620
4330,2485
4331,97
4332,27
4333,85
4334,2485
4335,3575
4336,13791
4337,23705
4338,19642
4339,12545
4340,19642
4341,23705
4342,23705
4343,23705
4344,23705
4345,23705
4346,23705
4347,23705
4348,20082
4349,20082
4350,8354
4351,8000
4352,12723
4353,4411
4354,405
4355,551
4356,14
4357,779
4358,8109
4359,6529
4360,21441
4361,23705
4362,23705
4363,23705
4364,23705
4365,23705
4366,23705
4367,23705
4368,23705
4369,23705
4370,13981
4371,23705
4372,17245
4373,9850
4374,9850
4375,779
4376,39
4377,18
4378,3
4379,716
4380,2680
4381,7342
4382,13449
4383,23705
4384,23705
4385,23705
4386,23705
4387,23705
4388,23705
4389,23705
4390,23705
4391,23705
4392,23705
4393,23705
4394,23705
4395,23705
4396,23705
4397,11598
4398,16848
